,rev_rel,cities,cod_reg,region
0,0.7400764787600821,8.0,5.0,Veneto
1,0.2599235212399179,672.0,5.0,Veneto
0,0.6177076836878012,8.0,8.0,Emilia-Romagna
1,0.38229231631219884,482.0,8.0,Emilia-Romagna
0,0.6775289744819474,8.0,9.0,Toscana
1,0.3224710255180526,511.0,9.0,Toscana
